Workbook

Sheet Received
B1: 1 | C1: 2 | D1: 3 | E1: 4 | F1: 5 | G1: 6 | H1: 7 | I1: 8 | J1: 9 | K1: 10 | L1: 11 | M1: 12 | N1: 13 | O1: 14 | P1: 15
A2: 钱磊 | B2: 0.06 | C2: 0.04 | D2: 0.02 | E2: 0.04 | F2: 0.05 | G2: 0.03 | H2: 0.01 | I2: 0.02 | J2: 0.01 | K2: 0.05 | L2: 0.01 | M2: 0.07 | N2: 0.11 | O2: 0.03 | P2: 0.05 | Q2: =SUM(B2:P2) -> 0.6
B3: 0.05 | C3: 0.01 | D3: 0.01 | E3: 0.07 | F3: 0.01 | G3: 0.05 | H3: 0.01 | I3: 0.02 | J3: 0.01 | K3: 0.11 | L3: 0.04 | M3: 0.02 | N3: 0.1 | O3: 0.01 | P3: 0.08 | Q3: =SUM(B3:P3) -> 0.6
B4: 0.05 | C4: 0.02 | D4: 0.07 | E4: 0.05 | F4: 0.01 | G4: 0.07 | H4: 0.03 | I4: 0.03 | J4: 0.03 | K4: 0.01 | L4: 0.02 | M4: 0.09 | N4: 0.05 | O4: 0.03 | P4: 0.04 | Q4: =SUM(B4:P4) -> 0.6
B5: 0.03 | C5: 0.06 | D5: 0.02 | E5: 0.02 | F5: 0.03 | G5: 0.02 | H5: 0.01 | I5: 0.08 | J5: 0.01 | K5: 0.01 | L5: 0.01 | M5: 0.04 | N5: 0.01 | O5: 0.01 | P5: 0.24 | Q5: =SUM(B5:P5) -> 0.6
B6: 0.01 | C6: 0.04 | D6: 0.04 | E6: 0.04 | F6: 0.06 | G6: 0.01 | H6: 0.05 | I6: 0.01 | J6: 0.02 | K6: 0.07 | L6: 0.05 | M6: 0.01 | N6: 0.08 | O6: 0.06 | P6: 0.05 | Q6: =SUM(B6:P6) -> 0.6
B7: 0.07 | C7: 0.02 | D7: 0.01 | E7: 0.07 | F7: 0.01 | G7: 0.05 | H7: 0.07 | I7: 0.01 | J7: 0.07 | K7: 0.01 | L7: 0.01 | M7: 0.02 | N7: 0.01 | O7: 0.03 | P7: 0.14 | Q7: =SUM(B7:P7) -> 0.6
B8: 0.04 | C8: 0.02 | D8: 0.01 | E8: 0.06 | F8: 0.01 | G8: 0.03 | H8: 0.04 | I8: 0.06 | J8: 0.01 | K8: 0.07 | L8: 0.07 | M8: 0.02 | N8: 0.06 | O8: 0.03 | P8: 0.07 | Q8: =SUM(B8:P8) -> 0.6
B9: 0.03 | C9: 0.06 | D9: 0.04 | E9: 0.02 | F9: 0.05 | G9: 0.03 | H9: 0.04 | I9: 0.01 | J9: 0.01 | K9: 0.07 | L9: 0.02 | M9: 0.02 | N9: 0.06 | O9: 0.01 | P9: 0.13 | Q9: =SUM(B9:P9) -> 0.6
B10: 0.03 | C10: 0.01 | D10: 0.03 | E10: 0.06 | F10: 0.07 | G10: 0.04 | H10: 0.03 | I10: 0.05 | J10: 0.04 | K10: 0.01 | L10: 0.03 | M10: 0.03 | N10: 0.09 | O10: 0.01 | P10: 0.07 | Q10: =SUM(B10:P10) -> 0.6
B11: 0.01 | C11: 0.02 | D11: 0.02 | E11: 0.03 | F11: 0.01 | G11: 0.05 | H11: 0.04 | I11: 0.05 | J11: 0.01 | K11: 0.02 | L11: 0.09 | M11: 0.11 | N11: 0.05 | O11: 0.07 | P11: 0.02 | Q11: =SUM(B11:P11) -> 0.6
A12: 沈思弦 | B12: 0.04 | C12: 0.06 | D12: 0.01 | E12: 0.03 | F12: 0.05 | G12: 0.06 | H12: 0.05 | I12: 0.01 | J12: 0.01 | K12: 0.01 | L12: 0.06 | M12: 0.09 | N12: 0.06 | O12: 0.03 | P12: 0.03 | Q12: =SUM(B12:P12) -> 0.6
B13: 0.03 | C13: 0.01 | D13: 0.01 | E13: 0.07 | F13: 0.06 | G13: 0.01 | H13: 0.07 | I13: 0.01 | J13: 0.01 | K13: 0.09 | L13: 0.07 | M13: 0.02 | N13: 0.02 | O13: 0.01 | P13: 0.11 | Q13: =SUM(B13:P13) -> 0.6
B14: 0.04 | C14: 0.01 | D14: 0.02 | E14: 0.05 | F14: 0.05 | G14: 0.07 | H14: 0.03 | I14: 0.02 | J14: 0.03 | K14: 0.01 | L14: 0.05 | M14: 0.07 | N14: 0.05 | O14: 0.07 | P14: 0.03 | Q14: =SUM(B14:P14) -> 0.6
B15: 0.02 | C15: 0.02 | D15: 0.02 | E15: 0.05 | F15: 0.01 | G15: 0.02 | H15: 0.02 | I15: 0.08 | J15: 0.01 | K15: 0.06 | L15: 0.01 | M15: 0.09 | N15: 0.01 | O15: 0.13 | P15: 0.05 | Q15: =SUM(B15:P15) -> 0.6
B16: 0.06 | C16: 0.04 | D16: 0.01 | E16: 0.01 | F16: 0.03 | G16: 0.06 | H16: 0.06 | I16: 0.03 | J16: 0.01 | K16: 0.07 | L16: 0.02 | M16: 0.08 | N16: 0.01 | O16: 0.02 | P16: 0.09 | Q16: =SUM(B16:P16) -> 0.6
B17: 0.04 | C17: 0.04 | D17: 0.02 | E17: 0.04 | F17: 0.07 | G17: 0.04 | H17: 0.02 | I17: 0.06 | J17: 0.03 | K17: 0.01 | L17: 0.01 | M17: 0.05 | N17: 0.01 | O17: 0.01 | P17: 0.15 | Q17: =SUM(B17:P17) -> 0.6
B18: 0.07 | C18: 0.01 | D18: 0.01 | E18: 0.01 | F18: 0.06 | G18: 0.04 | H18: 0.01 | I18: 0.02 | J18: 0.04 | K18: 0.03 | L18: 0.1 | M18: 0.03 | N18: 0.09 | O18: 0.02 | P18: 0.06 | Q18: =SUM(B18:P18) -> 0.6
B19: 0.04 | C19: 0.01 | D19: 0.01 | E19: 0.07 | F19: 0.05 | G19: 0.04 | H19: 0.03 | I19: 0.01 | J19: 0.04 | K19: 0.01 | L19: 0.05 | M19: 0.05 | N19: 0.05 | O19: 0.06 | P19: 0.08 | Q19: =SUM(B19:P19) -> 0.6
B20: 0.06 | C20: 0.05 | D20: 0.01 | E20: 0.07 | F20: 0.01 | G20: 0.06 | H20: 0.01 | I20: 0.01 | J20: 0.07 | K20: 0.03 | L20: 0.01 | M20: 0.06 | N20: 0.01 | O20: 0.03 | P20: 0.11 | Q20: =SUM(B20:P20) -> 0.6
B21: 0.02 | C21: 0.06 | D21: 0.04 | E21: 0.05 | F21: 0.04 | G21: 0.01 | H21: 0.03 | I21: 0.06 | J21: 0.07 | K21: 0.02 | L21: 0.06 | M21: 0.01 | N21: 0.01 | O21: 0.07 | P21: 0.05 | Q21: =SUM(B21:P21) -> 0.6
A22: 林子修 | B22: 0.02 | C22: 0.03 | D22: 0.01 | E22: 0.02 | F22: 0.05 | G22: 0.06 | H22: 0.05 | I22: 0.01 | J22: 0.06 | K22: 0.01 | L22: 0.02 | M22: 0.07 | N22: 0.01 | O22: 0.07 | P22: 0.11 | Q22: =SUM(B22:P22) -> 0.6
B23: 0.05 | C23: 0.01 | D23: 0.03 | E23: 0.04 | F23: 0.05 | G23: 0.02 | H23: 0.04 | I23: 0.01 | J23: 0.03 | K23: 0.01 | L23: 0.09 | M23: 0.02 | N23: 0.01 | O23: 0.01 | P23: 0.18 | Q23: =SUM(B23:P23) -> 0.6
B24: 0.02 | C24: 0.06 | D24: 0.07 | E24: 0.02 | F24: 0.02 | G24: 0.05 | H24: 0.01 | I24: 0.03 | J24: 0.03 | K24: 0.03 | L24: 0.08 | M24: 0.02 | N24: 0.02 | O24: 0.02 | P24: 0.12 | Q24: =SUM(B24:P24) -> 0.6
B25: 0.05 | C25: 0.04 | D25: 0.02 | E25: 0.06 | F25: 0.01 | G25: 0.05 | H25: 0.07 | I25: 0.02 | J25: 0.02 | K25: 0.01 | L25: 0.01 | M25: 0.03 | N25: 0.13 | O25: 0.06 | P25: 0.02 | Q25: =SUM(B25:P25) -> 0.6
B26: 0.01 | C26: 0.04 | D26: 0.02 | E26: 0.05 | F26: 0.01 | G26: 0.01 | H26: 0.06 | I26: 0.02 | J26: 0.03 | K26: 0.03 | L26: 0.02 | M26: 0.06 | N26: 0.08 | O26: 0.1 | P26: 0.06 | Q26: =SUM(B26:P26) -> 0.6
B27: 0.07 | C27: 0.01 | D27: 0.03 | E27: 0.01 | F27: 0.01 | G27: 0.01 | H27: 0.07 | I27: 0.05 | J27: 0.04 | K27: 0.01 | L27: 0.01 | M27: 0.01 | N27: 0.17 | O27: 0.06 | P27: 0.04 | Q27: =SUM(B27:P27) -> 0.6
B28: 0.07 | C28: 0.02 | D28: 0.03 | E28: 0.01 | F28: 0.04 | G28: 0.01 | H28: 0.02 | I28: 0.04 | J28: 0.01 | K28: 0.09 | L28: 0.04 | M28: 0.08 | N28: 0.01 | O28: 0.1 | P28: 0.03 | Q28: =SUM(B28:P28) -> 0.6
B29: 0.01 | C29: 0.05 | D29: 0.06 | E29: 0.01 | F29: 0.02 | G29: 0.05 | H29: 0.05 | I29: 0.01 | J29: 0.04 | K29: 0.09 | L29: 0.06 | M29: 0.03 | N29: 0.02 | O29: 0.05 | P29: 0.05 | Q29: =SUM(B29:P29) -> 0.6
B30: 0.01 | C30: 0.01 | D30: 0.02 | E30: 0.07 | F30: 0.06 | G30: 0.01 | H30: 0.07 | I30: 0.01 | J30: 0.04 | K30: 0.06 | L30: 0.02 | M30: 0.02 | N30: 0.1 | O30: 0.01 | P30: 0.09 | Q30: =SUM(B30:P30) -> 0.6
B31: 0.01 | C31: 0.06 | D31: 0.07 | E31: 0.02 | F31: 0.03 | G31: 0.06 | H31: 0.01 | I31: 0.06 | J31: 0.06 | K31: 0.01 | L31: 0.01 | M31: 0.08 | N31: 0.05 | O31: 0.02 | P31: 0.05 | Q31: =SUM(B31:P31) -> 0.6
A32: 李墨涵 | B32: 0.05 | C32: 0.01 | D32: 0.03 | E32: 0.03 | F32: 0.05 | G32: 0.05 | H32: 0.03 | I32: 0.05 | J32: 0.04 | K32: 0.05 | L32: 0.06 | M32: 0.04 | N32: 0.02 | O32: 0.03 | P32: 0.06 | Q32: =SUM(B32:P32) -> 0.6
B33: 0.06 | C33: 0.04 | D33: 0.01 | E33: 0.03 | F33: 0.04 | G33: 0.03 | H33: 0.06 | I33: 0.04 | J33: 0.04 | K33: 0.04 | L33: 0.04 | M33: 0.06 | N33: 0.03 | O33: 0.01 | P33: 0.07 | Q33: =SUM(B33:P33) -> 0.6
B34: 0.01 | C34: 0.05 | D34: 0.07 | E34: 0.03 | F34: 0.03 | G34: 0.01 | H34: 0.04 | I34: 0.01 | J34: 0.08 | K34: 0.05 | L34: 0.03 | M34: 0.01 | N34: 0.04 | O34: 0.09 | P34: 0.05 | Q34: =SUM(B34:P34) -> 0.6
B35: 0.05 | C35: 0.01 | D35: 0.04 | E35: 0.04 | F35: 0.02 | G35: 0.03 | H35: 0.06 | I35: 0.06 | J35: 0.02 | K35: 0.01 | L35: 0.07 | M35: 0.03 | N35: 0.09 | O35: 0.03 | P35: 0.04 | Q35: =SUM(B35:P35) -> 0.6
B36: 0.03 | C36: 0.03 | D36: 0.04 | E36: 0.05 | F36: 0.06 | G36: 0.03 | H36: 0.06 | I36: 0.04 | J36: 0.05 | K36: 0.02 | L36: 0.05 | M36: 0.01 | N36: 0.03 | O36: 0.04 | P36: 0.06 | Q36: =SUM(B36:P36) -> 0.6
B37: 0.04 | C37: 0.04 | D37: 0.01 | E37: 0.01 | F37: 0.06 | G37: 0.03 | H37: 0.01 | I37: 0.01 | J37: 0.05 | K37: 0.08 | L37: 0.07 | M37: 0.07 | N37: 0.04 | O37: 0.02 | P37: 0.06 | Q37: =SUM(B37:P37) -> 0.6
B38: 0.05 | C38: 0.02 | D38: 0.07 | E38: 0.04 | F38: 0.04 | G38: 0.03 | H38: 0.01 | I38: 0.07 | J38: 0.05 | K38: 0.01 | L38: 0.01 | M38: 0.09 | N38: 0.04 | O38: 0.05 | P38: 0.02 | Q38: =SUM(B38:P38) -> 0.6
B39: 0.01 | C39: 0.03 | D39: 0.07 | E39: 0.01 | F39: 0.03 | G39: 0.07 | H39: 0.01 | I39: 0.02 | J39: 0.09 | K39: 0.01 | L39: 0.01 | M39: 0.04 | N39: 0.03 | O39: 0.13 | P39: 0.04 | Q39: =SUM(B39:P39) -> 0.6
B40: 0.07 | C40: 0.01 | D40: 0.02 | E40: 0.04 | F40: 0.01 | G40: 0.03 | H40: 0.05 | I40: 0.04 | J40: 0.05 | K40: 0.06 | L40: 0.02 | M40: 0.02 | N40: 0.06 | O40: 0.04 | P40: 0.08 | Q40: =SUM(B40:P40) -> 0.6
B41: 0.01 | C41: 0.04 | D41: 0.01 | E41: 0.07 | F41: 0.01 | G41: 0.05 | H41: 0.07 | I41: 0.07 | J41: 0.03 | K41: 0.01 | L41: 0.01 | M41: 0.08 | N41: 0.01 | O41: 0.07 | P41: 0.06 | Q41: =SUM(B41:P41) -> 0.6
A42: 徐景骐 | B42: 0.06 | C42: 0.01 | D42: 0.04 | E42: 0.04 | F42: 0.04 | G42: 0.06 | H42: 0.01 | I42: 0.03 | J42: 0.06 | K42: 0.02 | L42: 0.01 | M42: 0.09 | N42: 0.03 | O42: 0.03 | P42: 0.07 | Q42: =SUM(B42:P42) -> 0.6
B43: 0.02 | C43: 0.01 | D43: 0.02 | E43: 0.04 | F43: 0.01 | G43: 0.04 | H43: 0.03 | I43: 0.07 | J43: 0.05 | K43: 0.06 | L43: 0.04 | M43: 0.06 | N43: 0.01 | O43: 0.01 | P43: 0.13 | Q43: =SUM(B43:P43) -> 0.6
B44: 0.05 | C44: 0.04 | D44: 0.05 | E44: 0.03 | F44: 0.01 | G44: 0.02 | H44: 0.02 | I44: 0.06 | J44: 0.02 | K44: 0.05 | L44: 0.07 | M44: 0.03 | N44: 0.09 | O44: 0.01 | P44: 0.05 | Q44: =SUM(B44:P44) -> 0.6
B45: 0.02 | C45: 0.06 | D45: 0.06 | E45: 0.01 | F45: 0.03 | G45: 0.01 | H45: 0.05 | I45: 0.06 | J45: 0.04 | K45: 0.05 | L45: 0.06 | M45: 0.01 | N45: 0.02 | O45: 0.01 | P45: 0.11 | Q45: =SUM(B45:P45) -> 0.6
B46: 0.01 | C46: 0.03 | D46: 0.05 | E46: 0.01 | F46: 0.01 | G46: 0.01 | H46: 0.01 | I46: 0.08 | J46: 0.08 | K46: 0.01 | L46: 0.05 | M46: 0.04 | N46: 0.08 | O46: 0.06 | P46: 0.07 | Q46: =SUM(B46:P46) -> 0.6
B47: 0.01 | C47: 0.05 | D47: 0.03 | E47: 0.01 | F47: 0.05 | G47: 0.06 | H47: 0.07 | I47: 0.01 | J47: 0.05 | K47: 0.01 | L47: 0.03 | M47: 0.08 | N47: 0.06 | O47: 0.04 | P47: 0.04 | Q47: =SUM(B47:P47) -> 0.6
B48: 0.04 | C48: 0.06 | D48: 0.01 | E48: 0.05 | F48: 0.03 | G48: 0.03 | H48: 0.07 | I48: 0.02 | J48: 0.05 | K48: 0.01 | L48: 0.04 | M48: 0.01 | N48: 0.07 | O48: 0.03 | P48: 0.08 | Q48: =SUM(B48:P48) -> 0.6
B49: 0.01 | C49: 0.02 | D49: 0.03 | E49: 0.02 | F49: 0.07 | G49: 0.02 | H49: 0.02 | I49: 0.01 | J49: 0.01 | K49: 0.04 | L49: 0.05 | M49: 0.01 | N49: 0.03 | O49: 0.05 | P49: 0.21 | Q49: =SUM(B49:P49) -> 0.6
B50: 0.02 | C50: 0.03 | D50: 0.01 | E50: 0.01 | F50: 0.01 | G50: 0.08 | H50: 0.07 | I50: 0.02 | J50: 0.08 | K50: 0.04 | L50: 0.05 | M50: 0.01 | N50: 0.07 | O50: 0.05 | P50: 0.05 | Q50: =SUM(B50:P50) -> 0.6
B51: 0.06 | C51: 0.02 | D51: 0.03 | E51: 0.02 | F51: 0.05 | G51: 0.03 | H51: 0.02 | I51: 0.05 | J51: 0.01 | K51: 0.02 | L51: 0.04 | M51: 0.11 | N51: 0.05 | O51: 0.03 | P51: 0.06 | Q51: =SUM(B51:P51) -> 0.6
A52: 张子豪 | B52: 0.07 | C52: 0.04 | D52: 0.04 | E52: 0.01 | F52: 0.02 | G52: 0.03 | H52: 0.01 | I52: 0.06 | J52: 0.01 | K52: 0.01 | L52: 0.08 | M52: 0.09 | N52: 0.01 | O52: 0.02 | P52: 0.1 | Q52: =SUM(B52:P52) -> 0.6
B53: 0.07 | C53: 0.04 | D53: 0.05 | E53: 0.03 | F53: 0.01 | G53: 0.01 | H53: 0.01 | I53: 0.03 | J53: 0.08 | K53: 0.04 | L53: 0.05 | M53: 0.03 | N53: 0.03 | O53: 0.01 | P53: 0.11 | Q53: =SUM(B53:P53) -> 0.6
B54: 0.02 | C54: 0.06 | D54: 0.01 | E54: 0.06 | F54: 0.01 | G54: 0.03 | H54: 0.05 | I54: 0.04 | J54: 0.05 | K54: 0.01 | L54: 0.08 | M54: 0.02 | N54: 0.09 | O54: 0.02 | P54: 0.05 | Q54: =SUM(B54:P54) -> 0.6
B55: 0.02 | C55: 0.03 | D55: 0.03 | E55: 0.07 | F55: 0.06 | G55: 0.05 | H55: 0.04 | I55: 0.01 | J55: 0.01 | K55: 0.02 | L55: 0.09 | M55: 0.05 | N55: 0.07 | O55: 0.02 | P55: 0.03 | Q55: =SUM(B55:P55) -> 0.6
B56: 0.05 | C56: 0.01 | D56: 0.04 | E56: 0.02 | F56: 0.01 | G56: 0.06 | H56: 0.03 | I56: 0.02 | J56: 0.04 | K56: 0.01 | L56: 0.09 | M56: 0.01 | N56: 0.13 | O56: 0.06 | P56: 0.02 | Q56: =SUM(B56:P56) -> 0.6
B57: 0.03 | C57: 0.03 | D57: 0.07 | E57: 0.04 | F57: 0.03 | G57: 0.05 | H57: 0.05 | I57: 0.02 | J57: 0.03 | K57: 0.01 | L57: 0.03 | M57: 0.01 | N57: 0.02 | O57: 0.14 | P57: 0.04 | Q57: =SUM(B57:P57) -> 0.6
B58: 0.01 | C58: 0.03 | D58: 0.06 | E58: 0.06 | F58: 0.05 | G58: 0.05 | H58: 0.03 | I58: 0.03 | J58: 0.04 | K58: 0.04 | L58: 0.02 | M58: 0.01 | N58: 0.03 | O58: 0.09 | P58: 0.05 | Q58: =SUM(B58:P58) -> 0.6
B59: 0.01 | C59: 0.07 | D59: 0.04 | E59: 0.06 | F59: 0.01 | G59: 0.03 | H59: 0.02 | I59: 0.01 | J59: 0.08 | K59: 0.07 | L59: 0.07 | M59: 0.03 | N59: 0.01 | O59: 0.03 | P59: 0.06 | Q59: =SUM(B59:P59) -> 0.6
B60: 0.04 | C60: 0.04 | D60: 0.06 | E60: 0.01 | F60: 0.03 | G60: 0.05 | H60: 0.04 | I60: 0.04 | J60: 0.06 | K60: 0.01 | L60: 0.05 | M60: 0.01 | N60: 0.01 | O60: 0.03 | P60: 0.12 | Q60: =SUM(B60:P60) -> 0.6
B61: 0.03 | C61: 0.06 | D61: 0.03 | E61: 0.06 | F61: 0.01 | G61: 0.07 | H61: 0.05 | I61: 0.01 | J61: 0.07 | K61: 0.04 | L61: 0.01 | M61: 0.05 | N61: 0.01 | O61: 0.06 | P61: 0.04 | Q61: =SUM(B61:P61) -> 0.6
A62: Luffi | B62: 0.02 | C62: 0.01 | D62: 0.07 | E62: 0.01 | F62: 0.06 | G62: 0.07 | H62: 0.01 | I62: 0.07 | J62: 0.07 | K62: 0.04 | L62: 0.01 | M62: 0.01 | N62: 0.02 | O62: 0.01 | P62: 0.12 | Q62: =SUM(B62:P62) -> 0.6
B63: 0.07 | C63: 0.03 | D63: 0.01 | E63: 0.04 | F63: 0.02 | G63: 0.06 | H63: 0.05 | I63: 0.04 | J63: 0.01 | K63: 0.06 | L63: 0.05 | M63: 0.01 | N63: 0.01 | O63: 0.01 | P63: 0.13 | Q63: =SUM(B63:P63) -> 0.6
B64: 0.03 | C64: 0.03 | D64: 0.06 | E64: 0.05 | F64: 0.03 | G64: 0.02 | H64: 0.02 | I64: 0.06 | J64: 0.07 | K64: 0.05 | L64: 0.03 | M64: 0.01 | N64: 0.01 | O64: 0.08 | P64: 0.05 | Q64: =SUM(B64:P64) -> 0.6
B65: 0.06 | C65: 0.03 | D65: 0.02 | E65: 0.03 | F65: 0.06 | G65: 0.04 | H65: 0.03 | I65: 0.05 | J65: 0.01 | K65: 0.03 | L65: 0.05 | M65: 0.01 | N65: 0.01 | O65: 0.06 | P65: 0.11 | Q65: =SUM(B65:P65) -> 0.6
B66: 0.01 | C66: 0.02 | D66: 0.06 | E66: 0.01 | F66: 0.06 | G66: 0.07 | H66: 0.04 | I66: 0.07 | J66: 0.02 | K66: 0.05 | L66: 0.02 | M66: 0.07 | N66: 0.03 | O66: 0.05 | P66: 0.02 | Q66: =SUM(B66:P66) -> 0.6
B67: 0.01 | C67: 0.04 | D67: 0.02 | E67: 0.01 | F67: 0.05 | G67: 0.06 | H67: 0.01 | I67: 0.06 | J67: 0.01 | K67: 0.07 | L67: 0.02 | M67: 0.11 | N67: 0.04 | O67: 0.01 | P67: 0.08 | Q67: =SUM(B67:P67) -> 0.6
B68: 0.05 | C68: 0.03 | D68: 0.03 | E68: 0.01 | F68: 0.05 | G68: 0.01 | H68: 0.01 | I68: 0.01 | J68: 0.05 | K68: 0.06 | L68: 0.03 | M68: 0.04 | N68: 0.06 | O68: 0.01 | P68: 0.15 | Q68: =SUM(B68:P68) -> 0.6
B69: 0.01 | C69: 0.02 | D69: 0.01 | E69: 0.03 | F69: 0.07 | G69: 0.05 | H69: 0.06 | I69: 0.04 | J69: 0.01 | K69: 0.02 | L69: 0.07 | M69: 0.04 | N69: 0.06 | O69: 0.08 | P69: 0.03 | Q69: =SUM(B69:P69) -> 0.6
B70: 0.04 | C70: 0.02 | D70: 0.02 | E70: 0.02 | F70: 0.07 | G70: 0.05 | H70: 0.01 | I70: 0.04 | J70: 0.01 | K70: 0.05 | L70: 0.01 | M70: 0.02 | N70: 0.07 | O70: 0.03 | P70: 0.14 | Q70: =SUM(B70:P70) -> 0.6
B71: 0.01 | C71: 0.02 | D71: 0.07 | E71: 0.07 | F71: 0.01 | G71: 0.06 | H71: 0.02 | I71: 0.01 | J71: 0.06 | K71: 0.02 | L71: 0.03 | M71: 0.07 | N71: 0.09 | O71: 0.04 | P71: 0.02 | Q71: =SUM(B71:P71) -> 0.6
A72: Ricarddd | B72: 0.06 | C72: 0.04 | D72: 0.02 | E72: 0.04 | F72: 0.02 | G72: 0.01 | H72: 0.06 | I72: 0.04 | J72: 0.02 | K72: 0.07 | L72: 0.07 | M72: 0.01 | N72: 0.01 | O72: 0.05 | P72: 0.08 | Q72: =SUM(B72:P72) -> 0.6
B73: 0.06 | C73: 0.02 | D73: 0.05 | E73: 0.05 | F73: 0.04 | G73: 0.03 | H73: 0.04 | I73: 0.04 | J73: 0.01 | K73: 0.01 | L73: 0.01 | M73: 0.05 | N73: 0.1 | O73: 0.01 | P73: 0.08 | Q73: =SUM(B73:P73) -> 0.6
B74: 0.01 | C74: 0.03 | D74: 0.01 | E74: 0.04 | F74: 0.01 | G74: 0.03 | H74: 0.03 | I74: 0.01 | J74: 0.1 | K74: 0.01 | L74: 0.02 | M74: 0.06 | N74: 0.03 | O74: 0.04 | P74: 0.17 | Q74: =SUM(B74:P74) -> 0.6
B75: 0.03 | C75: 0.04 | D75: 0.05 | E75: 0.05 | F75: 0.02 | G75: 0.07 | H75: 0.04 | I75: 0.05 | J75: 0.05 | K75: 0.01 | L75: 0.02 | M75: 0.01 | N75: 0.08 | O75: 0.02 | P75: 0.06 | Q75: =SUM(B75:P75) -> 0.6
B76: 0.06 | C76: 0.05 | D76: 0.02 | E76: 0.03 | F76: 0.07 | G76: 0.02 | H76: 0.03 | I76: 0.04 | J76: 0.06 | K76: 0.05 | L76: 0.03 | M76: 0.03 | N76: 0.02 | O76: 0.05 | P76: 0.04 | Q76: =SUM(B76:P76) -> 0.6
B77: 0.03 | C77: 0.05 | D77: 0.03 | E77: 0.03 | F77: 0.06 | G77: 0.01 | H77: 0.03 | I77: 0.06 | J77: 0.02 | K77: 0.05 | L77: 0.06 | M77: 0.02 | N77: 0.05 | O77: 0.07 | P77: 0.03 | Q77: =SUM(B77:P77) -> 0.6
B78: 0.06 | C78: 0.05 | D78: 0.01 | E78: 0.06 | F78: 0.03 | G78: 0.03 | H78: 0.05 | I78: 0.02 | J78: 0.04 | K78: 0.01 | L78: 0.01 | M78: 0.09 | N78: 0.07 | O78: 0.04 | P78: 0.03 | Q78: =SUM(B78:P78) -> 0.6
B79: 0.01 | C79: 0.03 | D79: 0.06 | E79: 0.04 | F79: 0.05 | G79: 0.01 | H79: 0.03 | I79: 0.05 | J79: 0.02 | K79: 0.01 | L79: 0.01 | M79: 0.08 | N79: 0.11 | O79: 0.01 | P79: 0.08 | Q79: =SUM(B79:P79) -> 0.6
B80: 0.07 | C80: 0.01 | D80: 0.01 | E80: 0.05 | F80: 0.05 | G80: 0.02 | H80: 0.04 | I80: 0.02 | J80: 0.06 | K80: 0.01 | L80: 0.08 | M80: 0.05 | N80: 0.07 | O80: 0.04 | P80: 0.02 | Q80: =SUM(B80:P80) -> 0.6
B81: 0.05 | C81: 0.01 | D81: 0.01 | E81: 0.04 | F81: 0.04 | G81: 0.01 | H81: 0.02 | I81: 0.02 | J81: 0.04 | K81: 0.03 | L81: 0.1 | M81: 0.04 | N81: 0.01 | O81: 0.12 | P81: 0.06 | Q81: =SUM(B81:P81) -> 0.6
A82: WjNaG | B82: 0.01 | C82: 0.05 | D82: 0.04 | E82: 0.01 | F82: 0.02 | G82: 0.07 | H82: 0.01 | I82: 0.02 | J82: 0.05 | K82: 0.03 | L82: 0.09 | M82: 0.04 | N82: 0.07 | O82: 0.07 | P82: 0.02 | Q82: =SUM(B82:P82) -> 0.6
B83: 0.05 | C83: 0.05 | D83: 0.04 | E83: 0.01 | F83: 0.04 | G83: 0.01 | H83: 0.01 | I83: 0.02 | J83: 0.03 | K83: 0.01 | L83: 0.08 | M83: 0.01 | N83: 0.14 | O83: 0.02 | P83: 0.08 | Q83: =SUM(B83:P83) -> 0.6
B84: 0.07 | C84: 0.02 | D84: 0.01 | E84: 0.05 | F84: 0.06 | G84: 0.02 | H84: 0.05 | I84: 0.06 | J84: 0.02 | K84: 0.07 | L84: 0.02 | M84: 0.02 | N84: 0.04 | O84: 0.06 | P84: 0.03 | Q84: =SUM(B84:P84) -> 0.6
B85: 0.04 | C85: 0.06 | D85: 0.05 | E85: 0.01 | F85: 0.05 | G85: 0.03 | H85: 0.02 | I85: 0.06 | J85: 0.02 | K85: 0.03 | L85: 0.06 | M85: 0.04 | N85: 0.07 | O85: 0.03 | P85: 0.03 | Q85: =SUM(B85:P85) -> 0.6
B86: 0.07 | C86: 0.05 | D86: 0.01 | E86: 0.04 | F86: 0.02 | G86: 0.02 | H86: 0.02 | I86: 0.05 | J86: 0.01 | K86: 0.01 | L86: 0.01 | M86: 0.01 | N86: 0.1 | O86: 0.03 | P86: 0.15 | Q86: =SUM(B86:P86) -> 0.6
B87: 0.07 | C87: 0.05 | D87: 0.03 | E87: 0.04 | F87: 0.02 | G87: 0.05 | H87: 0.04 | I87: 0.01 | J87: 0.01 | K87: 0.06 | L87: 0.06 | M87: 0.02 | N87: 0.07 | O87: 0.01 | P87: 0.06 | Q87: =SUM(B87:P87) -> 0.6
B88: 0.04 | C88: 0.04 | D88: 0.01 | E88: 0.05 | F88: 0.04 | G88: 0.02 | H88: 0.01 | I88: 0.01 | J88: 0.07 | K88: 0.09 | L88: 0.06 | M88: 0.03 | N88: 0.03 | O88: 0.01 | P88: 0.09 | Q88: =SUM(B88:P88) -> 0.6
B89: 0.01 | C89: 0.05 | D89: 0.07 | E89: 0.03 | F89: 0.03 | G89: 0.02 | H89: 0.03 | I89: 0.07 | J89: 0.01 | K89: 0.05 | L89: 0.03 | M89: 0.08 | N89: 0.01 | O89: 0.06 | P89: 0.05 | Q89: =SUM(B89:P89) -> 0.6
B90: 0.02 | C90: 0.02 | D90: 0.01 | E90: 0.01 | F90: 0.05 | G90: 0.06 | H90: 0.04 | I90: 0.05 | J90: 0.01 | K90: 0.01 | L90: 0.06 | M90: 0.1 | N90: 0.07 | O90: 0.05 | P90: 0.04 | Q90: =SUM(B90:P90) -> 0.6
B91: 0.03 | C91: 0.02 | D91: 0.01 | E91: 0.04 | F91: 0.02 | G91: 0.03 | H91: 0.01 | I91: 0.09 | J91: 0.09 | K91: 0.06 | L91: 0.01 | M91: 0.02 | N91: 0.07 | O91: 0.05 | P91: 0.05 | Q91: =SUM(B91:P91) -> 0.6
A92: 不知道叫啥 | B92: 0.05 | C92: 0.01 | D92: 0.01 | E92: 0.03 | F92: 0.01 | G92: 0.01 | H92: 0.05 | I92: 0.03 | J92: 0.08 | K92: 0.06 | L92: 0.01 | M92: 0.01 | N92: 0.15 | O92: 0.06 | P92: 0.03 | Q92: =SUM(B92:P92) -> 0.6
B93: 0.03 | C93: 0.07 | D93: 0.02 | E93: 0.02 | F93: 0.05 | G93: 0.01 | H93: 0.03 | I93: 0.05 | J93: 0.01 | K93: 0.02 | L93: 0.01 | M93: 0.07 | N93: 0.04 | O93: 0.06 | P93: 0.11 | Q93: =SUM(B93:P93) -> 0.6
B94: 0.02 | C94: 0.04 | D94: 0.07 | E94: 0.01 | F94: 0.02 | G94: 0.02 | H94: 0.01 | I94: 0.02 | J94: 0.07 | K94: 0.01 | L94: 0.02 | M94: 0.12 | N94: 0.08 | O94: 0.07 | P94: 0.02 | Q94: =SUM(B94:P94) -> 0.6
B95: 0.02 | C95: 0.06 | D95: 0.05 | E95: 0.04 | F95: 0.01 | G95: 0.07 | H95: 0.01 | I95: 0.04 | J95: 0.05 | K95: 0.03 | L95: 0.06 | M95: 0.06 | N95: 0.01 | O95: 0.07 | P95: 0.02 | Q95: =SUM(B95:P95) -> 0.6
B96: 0.06 | C96: 0.01 | D96: 0.04 | E96: 0.04 | F96: 0.05 | G96: 0.01 | H96: 0.04 | I96: 0.06 | J96: 0.07 | K96: 0.01 | L96: 0.03 | M96: 0.03 | N96: 0.03 | O96: 0.1 | P96: 0.02 | Q96: =SUM(B96:P96) -> 0.6
B97: 0.04 | C97: 0.04 | D97: 0.01 | E97: 0.05 | F97: 0.06 | G97: 0.05 | H97: 0.04 | I97: 0.05 | J97: 0.01 | K97: 0.05 | L97: 0.04 | M97: 0.05 | N97: 0.05 | O97: 0.02 | P97: 0.04 | Q97: =SUM(B97:P97) -> 0.6
B98: 0.01 | C98: 0.01 | D98: 0.04 | E98: 0.07 | F98: 0.03 | G98: 0.04 | H98: 0.05 | I98: 0.01 | J98: 0.01 | K98: 0.04 | L98: 0.01 | M98: 0.09 | N98: 0.02 | O98: 0.01 | P98: 0.16 | Q98: =SUM(B98:P98) -> 0.6
B99: 0.01 | C99: 0.04 | D99: 0.02 | E99: 0.05 | F99: 0.03 | G99: 0.07 | H99: 0.04 | I99: 0.06 | J99: 0.06 | K99: 0.03 | L99: 0.05 | M99: 0.05 | N99: 0.01 | O99: 0.01 | P99: 0.07 | Q99: =SUM(B99:P99) -> 0.6
B100: 0.03 | C100: 0.04 | D100: 0.06 | E100: 0.01 | F100: 0.03 | G100: 0.05 | H100: 0.01 | I100: 0.06 | J100: 0.06 | K100: 0.07 | L100: 0.01 | M100: 0.07 | N100: 0.01 | O100: 0.05 | P100: 0.04 | Q100: =SUM(B100:P100) -> 0.6
...

Sheet Total
B1: 1 | C1: 2 | D1: 3 | E1: 4 | F1: 5 | G1: 6 | H1: 7 | I1: 8 | J1: 9 | K1: 10 | L1: 11 | M1: 12 | N1: 13 | O1: 14 | P1: 15 | Q1: Money left
A2: 钱磊 | B2: 0.6 | C2: =B2-Received!B2 -> 0.54 | D2: =C2-Received!C2 -> 0.5 | E2: =D2-Received!D2 -> 0.48 | F2: =E2-Received!E2 -> 0.44 | G2: =F2-Received!F2 -> 0.39 | H2: =G2-Received!G2 -> 0.36 | I2: =H2-Received!H2 -> 0.35 | J2: =I2-Received!I2 -> 0.33 | ... Q2: =P2-Received!P2 -> -5.5511151e-17
B3: 0.6 | C3: =B3-Received!B3 -> 0.55 | D3: =C3-Received!C3 -> 0.54 | E3: =D3-Received!D3 -> 0.53 | F3: =E3-Received!E3 -> 0.46 | G3: =F3-Received!F3 -> 0.45 | H3: =G3-Received!G3 -> 0.4 | I3: =H3-Received!H3 -> 0.39 | J3: =I3-Received!I3 -> 0.37 | ... Q3: =P3-Received!P3 -> -1.110223e-16
B4: 0.6 | C4: =B4-Received!B4 -> 0.55 | D4: =C4-Received!C4 -> 0.53 | E4: =D4-Received!D4 -> 0.46 | F4: =E4-Received!E4 -> 0.41 | G4: =F4-Received!F4 -> 0.4 | H4: =G4-Received!G4 -> 0.33 | I4: =H4-Received!H4 -> 0.3 | J4: =I4-Received!I4 -> 0.27 | ... Q4: =P4-Received!P4 -> -9.0205621e-17
B5: 0.6 | C5: =B5-Received!B5 -> 0.57 | D5: =C5-Received!C5 -> 0.51 | E5: =D5-Received!D5 -> 0.49 | F5: =E5-Received!E5 -> 0.47 | G5: =F5-Received!F5 -> 0.44 | H5: =G5-Received!G5 -> 0.42 | I5: =H5-Received!H5 -> 0.41 | J5: =I5-Received!I5 -> 0.33 | ... Q5: =P5-Received!P5 -> 0
B6: 0.6 | C6: =B6-Received!B6 -> 0.59 | D6: =C6-Received!C6 -> 0.55 | E6: =D6-Received!D6 -> 0.51 | F6: =E6-Received!E6 -> 0.47 | G6: =F6-Received!F6 -> 0.41 | H6: =G6-Received!G6 -> 0.4 | I6: =H6-Received!H6 -> 0.35 | J6: =I6-Received!I6 -> 0.34 | ... Q6: =P6-Received!P6 -> -1.110223e-16
B7: 0.6 | C7: =B7-Received!B7 -> 0.53 | D7: =C7-Received!C7 -> 0.51 | E7: =D7-Received!D7 -> 0.5 | F7: =E7-Received!E7 -> 0.43 | G7: =F7-Received!F7 -> 0.42 | H7: =G7-Received!G7 -> 0.37 | I7: =H7-Received!H7 -> 0.3 | J7: =I7-Received!I7 -> 0.29 | ... Q7: =P7-Received!P7 -> 0
B8: 0.6 | C8: =B8-Received!B8 -> 0.56 | D8: =C8-Received!C8 -> 0.54 | E8: =D8-Received!D8 -> 0.53 | F8: =E8-Received!E8 -> 0.47 | G8: =F8-Received!F8 -> 0.46 | H8: =G8-Received!G8 -> 0.43 | I8: =H8-Received!H8 -> 0.39 | J8: =I8-Received!I8 -> 0.33 | ... Q8: =P8-Received!P8 -> 0
B9: 0.6 | C9: =B9-Received!B9 -> 0.57 | D9: =C9-Received!C9 -> 0.51 | E9: =D9-Received!D9 -> 0.47 | F9: =E9-Received!E9 -> 0.45 | G9: =F9-Received!F9 -> 0.4 | H9: =G9-Received!G9 -> 0.37 | I9: =H9-Received!H9 -> 0.33 | J9: =I9-Received!I9 -> 0.32 | ... Q9: =P9-Received!P9 -> 0
B10: 0.6 | C10: =B10-Received!B10 -> 0.57 | D10: =C10-Received!C10 -> 0.56 | E10: =D10-Received!D10 -> 0.53 | F10: =E10-Received!E10 -> 0.47 | G10: =F10-Received!F10 -> 0.4 | H10: =G10-Received!G10 -> 0.36 | I10: =H10-Received!H10 -> 0.33 | J10: =I10-Received!I10 -> 0.28 | ... Q10: =P10-Received!P10 -> 0
B11: 0.6 | C11: =B11-Received!B11 -> 0.59 | D11: =C11-Received!C11 -> 0.57 | E11: =D11-Received!D11 -> 0.55 | F11: =E11-Received!E11 -> 0.52 | G11: =F11-Received!F11 -> 0.51 | H11: =G11-Received!G11 -> 0.46 | I11: =H11-Received!H11 -> 0.42 | J11: =I11-Received!I11 -> 0.37 | ... Q11: =P11-Received!P11 -> -1.0755286e-16
A12: 沈思弦 | B12: 0.6 | C12: =B12-Received!B12 -> 0.56 | D12: =C12-Received!C12 -> 0.5 | E12: =D12-Received!D12 -> 0.49 | F12: =E12-Received!E12 -> 0.46 | G12: =F12-Received!F12 -> 0.41 | H12: =G12-Received!G12 -> 0.35 | I12: =H12-Received!H12 -> 0.3 | J12: =I12-Received!I12 -> 0.29 | ... Q12: =P12-Received!P12 -> -2.7755576e-17
B13: 0.6 | C13: =B13-Received!B13 -> 0.57 | D13: =C13-Received!C13 -> 0.56 | E13: =D13-Received!D13 -> 0.55 | F13: =E13-Received!E13 -> 0.48 | G13: =F13-Received!F13 -> 0.42 | H13: =G13-Received!G13 -> 0.41 | I13: =H13-Received!H13 -> 0.34 | J13: =I13-Received!I13 -> 0.33 | ... Q13: =P13-Received!P13 -> 0
B14: 0.6 | C14: =B14-Received!B14 -> 0.56 | D14: =C14-Received!C14 -> 0.55 | E14: =D14-Received!D14 -> 0.53 | F14: =E14-Received!E14 -> 0.48 | G14: =F14-Received!F14 -> 0.43 | H14: =G14-Received!G14 -> 0.36 | I14: =H14-Received!H14 -> 0.33 | J14: =I14-Received!I14 -> 0.31 | ... Q14: =P14-Received!P14 -> -9.7144515e-17
B15: 0.6 | C15: =B15-Received!B15 -> 0.58 | D15: =C15-Received!C15 -> 0.56 | E15: =D15-Received!D15 -> 0.54 | F15: =E15-Received!E15 -> 0.49 | G15: =F15-Received!F15 -> 0.48 | H15: =G15-Received!G15 -> 0.46 | I15: =H15-Received!H15 -> 0.44 | J15: =I15-Received!I15 -> 0.36 | ... Q15: =P15-Received!P15 -> -1.5265567e-16
B16: 0.6 | C16: =B16-Received!B16 -> 0.54 | D16: =C16-Received!C16 -> 0.5 | E16: =D16-Received!D16 -> 0.49 | F16: =E16-Received!E16 -> 0.48 | G16: =F16-Received!F16 -> 0.45 | H16: =G16-Received!G16 -> 0.39 | I16: =H16-Received!H16 -> 0.33 | J16: =I16-Received!I16 -> 0.3 | ... Q16: =P16-Received!P16 -> 0
B17: 0.6 | C17: =B17-Received!B17 -> 0.56 | D17: =C17-Received!C17 -> 0.52 | E17: =D17-Received!D17 -> 0.5 | F17: =E17-Received!E17 -> 0.46 | G17: =F17-Received!F17 -> 0.39 | H17: =G17-Received!G17 -> 0.35 | I17: =H17-Received!H17 -> 0.33 | J17: =I17-Received!I17 -> 0.27 | ... Q17: =P17-Received!P17 -> 0
B18: 0.6 | C18: =B18-Received!B18 -> 0.53 | D18: =C18-Received!C18 -> 0.52 | E18: =D18-Received!D18 -> 0.51 | F18: =E18-Received!E18 -> 0.5 | G18: =F18-Received!F18 -> 0.44 | H18: =G18-Received!G18 -> 0.4 | I18: =H18-Received!H18 -> 0.39 | J18: =I18-Received!I18 -> 0.37 | ... Q18: =P18-Received!P18 -> 0
B19: 0.6 | C19: =B19-Received!B19 -> 0.56 | D19: =C19-Received!C19 -> 0.55 | E19: =D19-Received!D19 -> 0.54 | F19: =E19-Received!E19 -> 0.47 | G19: =F19-Received!F19 -> 0.42 | H19: =G19-Received!G19 -> 0.38 | I19: =H19-Received!H19 -> 0.35 | J19: =I19-Received!I19 -> 0.34 | ... Q19: =P19-Received!P19 -> 0
B20: 0.6 | C20: =B20-Received!B20 -> 0.54 | D20: =C20-Received!C20 -> 0.49 | E20: =D20-Received!D20 -> 0.48 | F20: =E20-Received!E20 -> 0.41 | G20: =F20-Received!F20 -> 0.4 | H20: =G20-Received!G20 -> 0.34 | I20: =H20-Received!H20 -> 0.33 | J20: =I20-Received!I20 -> 0.32 | ... Q20: =P20-Received!P20 -> 0
B21: 0.6 | C21: =B21-Received!B21 -> 0.58 | D21: =C21-Received!C21 -> 0.52 | E21: =D21-Received!D21 -> 0.48 | F21: =E21-Received!E21 -> 0.43 | G21: =F21-Received!F21 -> 0.39 | H21: =G21-Received!G21 -> 0.38 | I21: =H21-Received!H21 -> 0.35 | J21: =I21-Received!I21 -> 0.29 | ... Q21: =P21-Received!P21 -> 8.3266727e-17
A22: 林子修 | B22: 0.6 | C22: =B22-Received!B22 -> 0.58 | D22: =C22-Received!C22 -> 0.55 | E22: =D22-Received!D22 -> 0.54 | F22: =E22-Received!E22 -> 0.52 | G22: =F22-Received!F22 -> 0.47 | H22: =G22-Received!G22 -> 0.41 | I22: =H22-Received!H22 -> 0.36 | J22: =I22-Received!I22 -> 0.35 | ... Q22: =P22-Received!P22 -> -1.2490009e-16
B23: 0.6 | C23: =B23-Received!B23 -> 0.55 | D23: =C23-Received!C23 -> 0.54 | E23: =D23-Received!D23 -> 0.51 | F23: =E23-Received!E23 -> 0.47 | G23: =F23-Received!F23 -> 0.42 | H23: =G23-Received!G23 -> 0.4 | I23: =H23-Received!H23 -> 0.36 | J23: =I23-Received!I23 -> 0.35 | ... Q23: =P23-Received!P23 -> 0
B24: 0.6 | C24: =B24-Received!B24 -> 0.58 | D24: =C24-Received!C24 -> 0.52 | E24: =D24-Received!D24 -> 0.45 | F24: =E24-Received!E24 -> 0.43 | G24: =F24-Received!F24 -> 0.41 | H24: =G24-Received!G24 -> 0.36 | I24: =H24-Received!H24 -> 0.35 | J24: =I24-Received!I24 -> 0.32 | ... Q24: =P24-Received!P24 -> 0
B25: 0.6 | C25: =B25-Received!B25 -> 0.55 | D25: =C25-Received!C25 -> 0.51 | E25: =D25-Received!D25 -> 0.49 | F25: =E25-Received!E25 -> 0.43 | G25: =F25-Received!F25 -> 0.42 | H25: =G25-Received!G25 -> 0.37 | I25: =H25-Received!H25 -> 0.3 | J25: =I25-Received!I25 -> 0.28 | ... Q25: =P25-Received!P25 -> -1.7694179e-16
B26: 0.6 | C26: =B26-Received!B26 -> 0.59 | D26: =C26-Received!C26 -> 0.55 | E26: =D26-Received!D26 -> 0.53 | F26: =E26-Received!E26 -> 0.48 | G26: =F26-Received!F26 -> 0.47 | H26: =G26-Received!G26 -> 0.46 | I26: =H26-Received!H26 -> 0.4 | J26: =I26-Received!I26 -> 0.38 | ... Q26: =P26-Received!P26 -> -1.9428903e-16
B27: 0.6 | C27: =B27-Received!B27 -> 0.53 | D27: =C27-Received!C27 -> 0.52 | E27: =D27-Received!D27 -> 0.49 | F27: =E27-Received!E27 -> 0.48 | G27: =F27-Received!F27 -> 0.47 | H27: =G27-Received!G27 -> 0.46 | I27: =H27-Received!H27 -> 0.39 | J27: =I27-Received!I27 -> 0.34 | ... Q27: =P27-Received!P27 -> 0
B28: 0.6 | C28: =B28-Received!B28 -> 0.53 | D28: =C28-Received!C28 -> 0.51 | E28: =D28-Received!D28 -> 0.48 | F28: =E28-Received!E28 -> 0.47 | G28: =F28-Received!F28 -> 0.43 | H28: =G28-Received!G28 -> 0.42 | I28: =H28-Received!H28 -> 0.4 | J28: =I28-Received!I28 -> 0.36 | ... Q28: =P28-Received!P28 -> 0
B29: 0.6 | C29: =B29-Received!B29 -> 0.59 | D29: =C29-Received!C29 -> 0.54 | E29: =D29-Received!D29 -> 0.48 | F29: =E29-Received!E29 -> 0.47 | G29: =F29-Received!F29 -> 0.45 | H29: =G29-Received!G29 -> 0.4 | I29: =H29-Received!H29 -> 0.35 | J29: =I29-Received!I29 -> 0.34 | ... Q29: =P29-Received!P29 -> -6.9388939e-17
B30: 0.6 | C30: =B30-Received!B30 -> 0.59 | D30: =C30-Received!C30 -> 0.58 | E30: =D30-Received!D30 -> 0.56 | F30: =E30-Received!E30 -> 0.49 | G30: =F30-Received!F30 -> 0.43 | H30: =G30-Received!G30 -> 0.42 | I30: =H30-Received!H30 -> 0.35 | J30: =I30-Received!I30 -> 0.34 | ... Q30: =P30-Received!P30 -> 0
B31: 0.6 | C31: =B31-Received!B31 -> 0.59 | D31: =C31-Received!C31 -> 0.53 | E31: =D31-Received!D31 -> 0.46 | F31: =E31-Received!E31 -> 0.44 | G31: =F31-Received!F31 -> 0.41 | H31: =G31-Received!G31 -> 0.35 | I31: =H31-Received!H31 -> 0.34 | J31: =I31-Received!I31 -> 0.28 | ... Q31: =P31-Received!P31 -> 0
A32: 李墨涵 | B32: 0.6 | C32: =B32-Received!B32 -> 0.55 | D32: =C32-Received!C32 -> 0.54 | E32: =D32-Received!D32 -> 0.51 | F32: =E32-Received!E32 -> 0.48 | G32: =F32-Received!F32 -> 0.43 | H32: =G32-Received!G32 -> 0.38 | I32: =H32-Received!H32 -> 0.35 | J32: =I32-Received!I32 -> 0.3 | ... Q32: =P32-Received!P32 -> -9.7144515e-17
B33: 0.6 | C33: =B33-Received!B33 -> 0.54 | D33: =C33-Received!C33 -> 0.5 | E33: =D33-Received!D33 -> 0.49 | F33: =E33-Received!E33 -> 0.46 | G33: =F33-Received!F33 -> 0.42 | H33: =G33-Received!G33 -> 0.39 | I33: =H33-Received!H33 -> 0.33 | J33: =I33-Received!I33 -> 0.29 | ... Q33: =P33-Received!P33 -> 0
B34: 0.6 | C34: =B34-Received!B34 -> 0.59 | D34: =C34-Received!C34 -> 0.54 | E34: =D34-Received!D34 -> 0.47 | F34: =E34-Received!E34 -> 0.44 | G34: =F34-Received!F34 -> 0.41 | H34: =G34-Received!G34 -> 0.4 | I34: =H34-Received!H34 -> 0.36 | J34: =I34-Received!I34 -> 0.35 | ... Q34: =P34-Received!P34 -> -9.7144515e-17
B35: 0.6 | C35: =B35-Received!B35 -> 0.55 | D35: =C35-Received!C35 -> 0.54 | E35: =D35-Received!D35 -> 0.5 | F35: =E35-Received!E35 -> 0.46 | G35: =F35-Received!F35 -> 0.44 | H35: =G35-Received!G35 -> 0.41 | I35: =H35-Received!H35 -> 0.35 | J35: =I35-Received!I35 -> 0.29 | ... Q35: =P35-Received!P35 -> -1.0408341e-16
B36: 0.6 | C36: =B36-Received!B36 -> 0.57 | D36: =C36-Received!C36 -> 0.54 | E36: =D36-Received!D36 -> 0.5 | F36: =E36-Received!E36 -> 0.45 | G36: =F36-Received!F36 -> 0.39 | H36: =G36-Received!G36 -> 0.36 | I36: =H36-Received!H36 -> 0.3 | J36: =I36-Received!I36 -> 0.26 | ... Q36: =P36-Received!P36 -> 0
B37: 0.6 | C37: =B37-Received!B37 -> 0.56 | D37: =C37-Received!C37 -> 0.52 | E37: =D37-Received!D37 -> 0.51 | F37: =E37-Received!E37 -> 0.5 | G37: =F37-Received!F37 -> 0.44 | H37: =G37-Received!G37 -> 0.41 | I37: =H37-Received!H37 -> 0.4 | J37: =I37-Received!I37 -> 0.39 | ... Q37: =P37-Received!P37 -> -1.2490009e-16
B38: 0.6 | C38: =B38-Received!B38 -> 0.55 | D38: =C38-Received!C38 -> 0.53 | E38: =D38-Received!D38 -> 0.46 | F38: =E38-Received!E38 -> 0.42 | G38: =F38-Received!F38 -> 0.38 | H38: =G38-Received!G38 -> 0.35 | I38: =H38-Received!H38 -> 0.34 | J38: =I38-Received!I38 -> 0.27 | ... Q38: =P38-Received!P38 -> -5.2041704e-17
B39: 0.6 | C39: =B39-Received!B39 -> 0.59 | D39: =C39-Received!C39 -> 0.56 | E39: =D39-Received!D39 -> 0.49 | F39: =E39-Received!E39 -> 0.48 | G39: =F39-Received!F39 -> 0.45 | H39: =G39-Received!G39 -> 0.38 | I39: =H39-Received!H39 -> 0.37 | J39: =I39-Received!I39 -> 0.35 | ... Q39: =P39-Received!P39 -> -1.3183898e-16
B40: 0.6 | C40: =B40-Received!B40 -> 0.53 | D40: =C40-Received!C40 -> 0.52 | E40: =D40-Received!D40 -> 0.5 | F40: =E40-Received!E40 -> 0.46 | G40: =F40-Received!F40 -> 0.45 | H40: =G40-Received!G40 -> 0.42 | I40: =H40-Received!H40 -> 0.37 | J40: =I40-Received!I40 -> 0.33 | ... Q40: =P40-Received!P40 -> 0
B41: 0.6 | C41: =B41-Received!B41 -> 0.59 | D41: =C41-Received!C41 -> 0.55 | E41: =D41-Received!D41 -> 0.54 | F41: =E41-Received!E41 -> 0.47 | G41: =F41-Received!F41 -> 0.46 | H41: =G41-Received!G41 -> 0.41 | I41: =H41-Received!H41 -> 0.34 | J41: =I41-Received!I41 -> 0.27 | ... Q41: =P41-Received!P41 -> -1.110223e-16
A42: 徐景骐 | B42: 0.6 | C42: =B42-Received!B42 -> 0.54 | D42: =C42-Received!C42 -> 0.53 | E42: =D42-Received!D42 -> 0.49 | F42: =E42-Received!E42 -> 0.45 | G42: =F42-Received!F42 -> 0.41 | H42: =G42-Received!G42 -> 0.35 | I42: =H42-Received!H42 -> 0.34 | J42: =I42-Received!I42 -> 0.31 | ... Q42: =P42-Received!P42 -> 0
B43: 0.6 | C43: =B43-Received!B43 -> 0.58 | D43: =C43-Received!C43 -> 0.57 | E43: =D43-Received!D43 -> 0.55 | F43: =E43-Received!E43 -> 0.51 | G43: =F43-Received!F43 -> 0.5 | H43: =G43-Received!G43 -> 0.46 | I43: =H43-Received!H43 -> 0.43 | J43: =I43-Received!I43 -> 0.36 | ... Q43: =P43-Received!P43 -> 0
B44: 0.6 | C44: =B44-Received!B44 -> 0.55 | D44: =C44-Received!C44 -> 0.51 | E44: =D44-Received!D44 -> 0.46 | F44: =E44-Received!E44 -> 0.43 | G44: =F44-Received!F44 -> 0.42 | H44: =G44-Received!G44 -> 0.4 | I44: =H44-Received!H44 -> 0.38 | J44: =I44-Received!I44 -> 0.32 | ... Q44: =P44-Received!P44 -> -1.179612e-16
B45: 0.6 | C45: =B45-Received!B45 -> 0.58 | D45: =C45-Received!C45 -> 0.52 | E45: =D45-Received!D45 -> 0.46 | F45: =E45-Received!E45 -> 0.45 | G45: =F45-Received!F45 -> 0.42 | H45: =G45-Received!G45 -> 0.41 | I45: =H45-Received!H45 -> 0.36 | J45: =I45-Received!I45 -> 0.3 | ... Q45: =P45-Received!P45 -> 0
B46: 0.6 | C46: =B46-Received!B46 -> 0.59 | D46: =C46-Received!C46 -> 0.56 | E46: =D46-Received!D46 -> 0.51 | F46: =E46-Received!E46 -> 0.5 | G46: =F46-Received!F46 -> 0.49 | H46: =G46-Received!G46 -> 0.48 | I46: =H46-Received!H46 -> 0.47 | J46: =I46-Received!I46 -> 0.39 | ... Q46: =P46-Received!P46 -> -1.6653345e-16
B47: 0.6 | C47: =B47-Received!B47 -> 0.59 | D47: =C47-Received!C47 -> 0.54 | E47: =D47-Received!D47 -> 0.51 | F47: =E47-Received!E47 -> 0.5 | G47: =F47-Received!F47 -> 0.45 | H47: =G47-Received!G47 -> 0.39 | I47: =H47-Received!H47 -> 0.32 | J47: =I47-Received!I47 -> 0.31 | ... Q47: =P47-Received!P47 -> -9.7144515e-17
B48: 0.6 | C48: =B48-Received!B48 -> 0.56 | D48: =C48-Received!C48 -> 0.5 | E48: =D48-Received!D48 -> 0.49 | F48: =E48-Received!E48 -> 0.44 | G48: =F48-Received!F48 -> 0.41 | H48: =G48-Received!G48 -> 0.38 | I48: =H48-Received!H48 -> 0.31 | J48: =I48-Received!I48 -> 0.29 | ... Q48: =P48-Received!P48 -> -1.5265567e-16
B49: 0.6 | C49: =B49-Received!B49 -> 0.59 | D49: =C49-Received!C49 -> 0.57 | E49: =D49-Received!D49 -> 0.54 | F49: =E49-Received!E49 -> 0.52 | G49: =F49-Received!F49 -> 0.45 | H49: =G49-Received!G49 -> 0.43 | I49: =H49-Received!H49 -> 0.41 | J49: =I49-Received!I49 -> 0.4 | ... Q49: =P49-Received!P49 -> 0
B50: 0.6 | C50: =B50-Received!B50 -> 0.58 | D50: =C50-Received!C50 -> 0.55 | E50: =D50-Received!D50 -> 0.54 | F50: =E50-Received!E50 -> 0.53 | G50: =F50-Received!F50 -> 0.52 | H50: =G50-Received!G50 -> 0.44 | I50: =H50-Received!H50 -> 0.37 | J50: =I50-Received!I50 -> 0.35 | ... Q50: =P50-Received!P50 -> -1.9428903e-16
B51: 0.6 | C51: =B51-Received!B51 -> 0.54 | D51: =C51-Received!C51 -> 0.52 | E51: =D51-Received!D51 -> 0.49 | F51: =E51-Received!E51 -> 0.47 | G51: =F51-Received!F51 -> 0.42 | H51: =G51-Received!G51 -> 0.39 | I51: =H51-Received!H51 -> 0.37 | J51: =I51-Received!I51 -> 0.32 | ... Q51: =P51-Received!P51 -> 0
A52: 张子豪 | B52: 0.6 | C52: =B52-Received!B52 -> 0.53 | D52: =C52-Received!C52 -> 0.49 | E52: =D52-Received!D52 -> 0.45 | F52: =E52-Received!E52 -> 0.44 | G52: =F52-Received!F52 -> 0.42 | H52: =G52-Received!G52 -> 0.39 | I52: =H52-Received!H52 -> 0.38 | J52: =I52-Received!I52 -> 0.32 | ... Q52: =P52-Received!P52 -> 0
B53: 0.6 | C53: =B53-Received!B53 -> 0.53 | D53: =C53-Received!C53 -> 0.49 | E53: =D53-Received!D53 -> 0.44 | F53: =E53-Received!E53 -> 0.41 | G53: =F53-Received!F53 -> 0.4 | H53: =G53-Received!G53 -> 0.39 | I53: =H53-Received!H53 -> 0.38 | J53: =I53-Received!I53 -> 0.35 | ... Q53: =P53-Received!P53 -> 0
B54: 0.6 | C54: =B54-Received!B54 -> 0.58 | D54: =C54-Received!C54 -> 0.52 | E54: =D54-Received!D54 -> 0.51 | F54: =E54-Received!E54 -> 0.45 | G54: =F54-Received!F54 -> 0.44 | H54: =G54-Received!G54 -> 0.41 | I54: =H54-Received!H54 -> 0.36 | J54: =I54-Received!I54 -> 0.32 | ... Q54: =P54-Received!P54 -> 5.5511151e-17
B55: 0.6 | C55: =B55-Received!B55 -> 0.58 | D55: =C55-Received!C55 -> 0.55 | E55: =D55-Received!D55 -> 0.52 | F55: =E55-Received!E55 -> 0.45 | G55: =F55-Received!F55 -> 0.39 | H55: =G55-Received!G55 -> 0.34 | I55: =H55-Received!H55 -> 0.3 | J55: =I55-Received!I55 -> 0.29 | ... Q55: =P55-Received!P55 -> -1.0755286e-16
B56: 0.6 | C56: =B56-Received!B56 -> 0.55 | D56: =C56-Received!C56 -> 0.54 | E56: =D56-Received!D56 -> 0.5 | F56: =E56-Received!E56 -> 0.48 | G56: =F56-Received!F56 -> 0.47 | H56: =G56-Received!G56 -> 0.41 | I56: =H56-Received!H56 -> 0.38 | J56: =I56-Received!I56 -> 0.36 | ... Q56: =P56-Received!P56 -> -1.2143064e-16
B57: 0.6 | C57: =B57-Received!B57 -> 0.57 | D57: =C57-Received!C57 -> 0.54 | E57: =D57-Received!D57 -> 0.47 | F57: =E57-Received!E57 -> 0.43 | G57: =F57-Received!F57 -> 0.4 | H57: =G57-Received!G57 -> 0.35 | I57: =H57-Received!H57 -> 0.3 | J57: =I57-Received!I57 -> 0.28 | ... Q57: =P57-Received!P57 -> -1.0408341e-16
B58: 0.6 | C58: =B58-Received!B58 -> 0.59 | D58: =C58-Received!C58 -> 0.56 | E58: =D58-Received!D58 -> 0.5 | F58: =E58-Received!E58 -> 0.44 | G58: =F58-Received!F58 -> 0.39 | H58: =G58-Received!G58 -> 0.34 | I58: =H58-Received!H58 -> 0.31 | J58: =I58-Received!I58 -> 0.28 | ... Q58: =P58-Received!P58 -> -9.7144515e-17
B59: 0.6 | C59: =B59-Received!B59 -> 0.59 | D59: =C59-Received!C59 -> 0.52 | E59: =D59-Received!D59 -> 0.48 | F59: =E59-Received!E59 -> 0.42 | G59: =F59-Received!F59 -> 0.41 | H59: =G59-Received!G59 -> 0.38 | I59: =H59-Received!H59 -> 0.36 | J59: =I59-Received!I59 -> 0.35 | ... Q59: =P59-Received!P59 -> 0
B60: 0.6 | C60: =B60-Received!B60 -> 0.56 | D60: =C60-Received!C60 -> 0.52 | E60: =D60-Received!D60 -> 0.46 | F60: =E60-Received!E60 -> 0.45 | G60: =F60-Received!F60 -> 0.42 | H60: =G60-Received!G60 -> 0.37 | I60: =H60-Received!H60 -> 0.33 | J60: =I60-Received!I60 -> 0.29 | ... Q60: =P60-Received!P60 -> 0
B61: 0.6 | C61: =B61-Received!B61 -> 0.57 | D61: =C61-Received!C61 -> 0.51 | E61: =D61-Received!D61 -> 0.48 | F61: =E61-Received!E61 -> 0.42 | G61: =F61-Received!F61 -> 0.41 | H61: =G61-Received!G61 -> 0.34 | I61: =H61-Received!H61 -> 0.29 | J61: =I61-Received!I61 -> 0.28 | ... Q61: =P61-Received!P61 -> 0
A62: Luffi | B62: 0.6 | C62: =B62-Received!B62 -> 0.58 | D62: =C62-Received!C62 -> 0.57 | E62: =D62-Received!D62 -> 0.5 | F62: =E62-Received!E62 -> 0.49 | G62: =F62-Received!F62 -> 0.43 | H62: =G62-Received!G62 -> 0.36 | I62: =H62-Received!H62 -> 0.35 | J62: =I62-Received!I62 -> 0.28 | ... Q62: =P62-Received!P62 -> 0
B63: 0.6 | C63: =B63-Received!B63 -> 0.53 | D63: =C63-Received!C63 -> 0.5 | E63: =D63-Received!D63 -> 0.49 | F63: =E63-Received!E63 -> 0.45 | G63: =F63-Received!F63 -> 0.43 | H63: =G63-Received!G63 -> 0.37 | I63: =H63-Received!H63 -> 0.32 | J63: =I63-Received!I63 -> 0.28 | ... Q63: =P63-Received!P63 -> 0
B64: 0.6 | C64: =B64-Received!B64 -> 0.57 | D64: =C64-Received!C64 -> 0.54 | E64: =D64-Received!D64 -> 0.48 | F64: =E64-Received!E64 -> 0.43 | G64: =F64-Received!F64 -> 0.4 | H64: =G64-Received!G64 -> 0.38 | I64: =H64-Received!H64 -> 0.36 | J64: =I64-Received!I64 -> 0.3 | ... Q64: =P64-Received!P64 -> -1.3877788e-16
B65: 0.6 | C65: =B65-Received!B65 -> 0.54 | D65: =C65-Received!C65 -> 0.51 | E65: =D65-Received!D65 -> 0.49 | F65: =E65-Received!E65 -> 0.46 | G65: =F65-Received!F65 -> 0.4 | H65: =G65-Received!G65 -> 0.36 | I65: =H65-Received!H65 -> 0.33 | J65: =I65-Received!I65 -> 0.28 | ... Q65: =P65-Received!P65 -> 0
B66: 0.6 | C66: =B66-Received!B66 -> 0.59 | D66: =C66-Received!C66 -> 0.57 | E66: =D66-Received!D66 -> 0.51 | F66: =E66-Received!E66 -> 0.5 | G66: =F66-Received!F66 -> 0.44 | H66: =G66-Received!G66 -> 0.37 | I66: =H66-Received!H66 -> 0.33 | J66: =I66-Received!I66 -> 0.26 | ... Q66: =P66-Received!P66 -> 0
B67: 0.6 | C67: =B67-Received!B67 -> 0.59 | D67: =C67-Received!C67 -> 0.55 | E67: =D67-Received!D67 -> 0.53 | F67: =E67-Received!E67 -> 0.52 | G67: =F67-Received!F67 -> 0.47 | H67: =G67-Received!G67 -> 0.41 | I67: =H67-Received!H67 -> 0.4 | J67: =I67-Received!I67 -> 0.34 | ... Q67: =P67-Received!P67 -> -1.110223e-16
B68: 0.6 | C68: =B68-Received!B68 -> 0.55 | D68: =C68-Received!C68 -> 0.52 | E68: =D68-Received!D68 -> 0.49 | F68: =E68-Received!E68 -> 0.48 | G68: =F68-Received!F68 -> 0.43 | H68: =G68-Received!G68 -> 0.42 | I68: =H68-Received!H68 -> 0.41 | J68: =I68-Received!I68 -> 0.4 | ... Q68: =P68-Received!P68 -> 0
B69: 0.6 | C69: =B69-Received!B69 -> 0.59 | D69: =C69-Received!C69 -> 0.57 | E69: =D69-Received!D69 -> 0.56 | F69: =E69-Received!E69 -> 0.53 | G69: =F69-Received!F69 -> 0.46 | H69: =G69-Received!G69 -> 0.41 | I69: =H69-Received!H69 -> 0.35 | J69: =I69-Received!I69 -> 0.31 | ... Q69: =P69-Received!P69 -> -9.7144515e-17
B70: 0.6 | C70: =B70-Received!B70 -> 0.56 | D70: =C70-Received!C70 -> 0.54 | E70: =D70-Received!D70 -> 0.52 | F70: =E70-Received!E70 -> 0.5 | G70: =F70-Received!F70 -> 0.43 | H70: =G70-Received!G70 -> 0.38 | I70: =H70-Received!H70 -> 0.37 | J70: =I70-Received!I70 -> 0.33 | ... Q70: =P70-Received!P70 -> 0
B71: 0.6 | C71: =B71-Received!B71 -> 0.59 | D71: =C71-Received!C71 -> 0.57 | E71: =D71-Received!D71 -> 0.5 | F71: =E71-Received!E71 -> 0.43 | G71: =F71-Received!F71 -> 0.42 | H71: =G71-Received!G71 -> 0.36 | I71: =H71-Received!H71 -> 0.34 | J71: =I71-Received!I71 -> 0.33 | ... Q71: =P71-Received!P71 -> -8.6736174e-17
A72: Ricarddd | B72: 0.6 | C72: =B72-Received!B72 -> 0.54 | D72: =C72-Received!C72 -> 0.5 | E72: =D72-Received!D72 -> 0.48 | F72: =E72-Received!E72 -> 0.44 | G72: =F72-Received!F72 -> 0.42 | H72: =G72-Received!G72 -> 0.41 | I72: =H72-Received!H72 -> 0.35 | J72: =I72-Received!I72 -> 0.31 | ... Q72: =P72-Received!P72 -> 0
B73: 0.6 | C73: =B73-Received!B73 -> 0.54 | D73: =C73-Received!C73 -> 0.52 | E73: =D73-Received!D73 -> 0.47 | F73: =E73-Received!E73 -> 0.42 | G73: =F73-Received!F73 -> 0.38 | H73: =G73-Received!G73 -> 0.35 | I73: =H73-Received!H73 -> 0.31 | J73: =I73-Received!I73 -> 0.27 | ... Q73: =P73-Received!P73 -> 1.110223e-16
B74: 0.6 | C74: =B74-Received!B74 -> 0.59 | D74: =C74-Received!C74 -> 0.56 | E74: =D74-Received!D74 -> 0.55 | F74: =E74-Received!E74 -> 0.51 | G74: =F74-Received!F74 -> 0.5 | H74: =G74-Received!G74 -> 0.47 | I74: =H74-Received!H74 -> 0.44 | J74: =I74-Received!I74 -> 0.43 | ... Q74: =P74-Received!P74 -> 0
B75: 0.6 | C75: =B75-Received!B75 -> 0.57 | D75: =C75-Received!C75 -> 0.53 | E75: =D75-Received!D75 -> 0.48 | F75: =E75-Received!E75 -> 0.43 | G75: =F75-Received!F75 -> 0.41 | H75: =G75-Received!G75 -> 0.34 | I75: =H75-Received!H75 -> 0.3 | J75: =I75-Received!I75 -> 0.25 | ... Q75: =P75-Received!P75 -> -5.5511151e-17
B76: 0.6 | C76: =B76-Received!B76 -> 0.54 | D76: =C76-Received!C76 -> 0.49 | E76: =D76-Received!D76 -> 0.47 | F76: =E76-Received!E76 -> 0.44 | G76: =F76-Received!F76 -> 0.37 | H76: =G76-Received!G76 -> 0.35 | I76: =H76-Received!H76 -> 0.32 | J76: =I76-Received!I76 -> 0.28 | ... Q76: =P76-Received!P76 -> 9.0205621e-17
B77: 0.6 | C77: =B77-Received!B77 -> 0.57 | D77: =C77-Received!C77 -> 0.52 | E77: =D77-Received!D77 -> 0.49 | F77: =E77-Received!E77 -> 0.46 | G77: =F77-Received!F77 -> 0.4 | H77: =G77-Received!G77 -> 0.39 | I77: =H77-Received!H77 -> 0.36 | J77: =I77-Received!I77 -> 0.3 | ... Q77: =P77-Received!P77 -> -1.2490009e-16
B78: 0.6 | C78: =B78-Received!B78 -> 0.54 | D78: =C78-Received!C78 -> 0.49 | E78: =D78-Received!D78 -> 0.48 | F78: =E78-Received!E78 -> 0.42 | G78: =F78-Received!F78 -> 0.39 | H78: =G78-Received!G78 -> 0.36 | I78: =H78-Received!H78 -> 0.31 | J78: =I78-Received!I78 -> 0.29 | ... Q78: =P78-Received!P78 -> -4.8572257e-17
B79: 0.6 | C79: =B79-Received!B79 -> 0.59 | D79: =C79-Received!C79 -> 0.56 | E79: =D79-Received!D79 -> 0.5 | F79: =E79-Received!E79 -> 0.46 | G79: =F79-Received!F79 -> 0.41 | H79: =G79-Received!G79 -> 0.4 | I79: =H79-Received!H79 -> 0.37 | J79: =I79-Received!I79 -> 0.32 | ... Q79: =P79-Received!P79 -> 0
B80: 0.6 | C80: =B80-Received!B80 -> 0.53 | D80: =C80-Received!C80 -> 0.52 | E80: =D80-Received!D80 -> 0.51 | F80: =E80-Received!E80 -> 0.46 | G80: =F80-Received!F80 -> 0.41 | H80: =G80-Received!G80 -> 0.39 | I80: =H80-Received!H80 -> 0.35 | J80: =I80-Received!I80 -> 0.33 | ... Q80: =P80-Received!P80 -> 0
B81: 0.6 | C81: =B81-Received!B81 -> 0.55 | D81: =C81-Received!C81 -> 0.54 | E81: =D81-Received!D81 -> 0.53 | F81: =E81-Received!E81 -> 0.49 | G81: =F81-Received!F81 -> 0.45 | H81: =G81-Received!G81 -> 0.44 | I81: =H81-Received!H81 -> 0.42 | J81: =I81-Received!I81 -> 0.4 | ... Q81: =P81-Received!P81 -> -5.5511151e-17
A82: WjNaG | B82: 0.6 | C82: =B82-Received!B82 -> 0.59 | D82: =C82-Received!C82 -> 0.54 | E82: =D82-Received!D82 -> 0.5 | F82: =E82-Received!E82 -> 0.49 | G82: =F82-Received!F82 -> 0.47 | H82: =G82-Received!G82 -> 0.4 | I82: =H82-Received!H82 -> 0.39 | J82: =I82-Received!I82 -> 0.37 | ... Q82: =P82-Received!P82 -> -9.3675068e-17
B83: 0.6 | C83: =B83-Received!B83 -> 0.55 | D83: =C83-Received!C83 -> 0.5 | E83: =D83-Received!D83 -> 0.46 | F83: =E83-Received!E83 -> 0.45 | G83: =F83-Received!F83 -> 0.41 | H83: =G83-Received!G83 -> 0.4 | I83: =H83-Received!H83 -> 0.39 | J83: =I83-Received!I83 -> 0.37 | ... Q83: =P83-Received!P83 -> 0
B84: 0.6 | C84: =B84-Received!B84 -> 0.53 | D84: =C84-Received!C84 -> 0.51 | E84: =D84-Received!D84 -> 0.5 | F84: =E84-Received!E84 -> 0.45 | G84: =F84-Received!F84 -> 0.39 | H84: =G84-Received!G84 -> 0.37 | I84: =H84-Received!H84 -> 0.32 | J84: =I84-Received!I84 -> 0.26 | ... Q84: =P84-Received!P84 -> 2.7755576e-17
B85: 0.6 | C85: =B85-Received!B85 -> 0.56 | D85: =C85-Received!C85 -> 0.5 | E85: =D85-Received!D85 -> 0.45 | F85: =E85-Received!E85 -> 0.44 | G85: =F85-Received!F85 -> 0.39 | H85: =G85-Received!G85 -> 0.36 | I85: =H85-Received!H85 -> 0.34 | J85: =I85-Received!I85 -> 0.28 | ... Q85: =P85-Received!P85 -> -5.5511151e-17
B86: 0.6 | C86: =B86-Received!B86 -> 0.53 | D86: =C86-Received!C86 -> 0.48 | E86: =D86-Received!D86 -> 0.47 | F86: =E86-Received!E86 -> 0.43 | G86: =F86-Received!F86 -> 0.41 | H86: =G86-Received!G86 -> 0.39 | I86: =H86-Received!H86 -> 0.37 | J86: =I86-Received!I86 -> 0.32 | ... Q86: =P86-Received!P86 -> 0
B87: 0.6 | C87: =B87-Received!B87 -> 0.53 | D87: =C87-Received!C87 -> 0.48 | E87: =D87-Received!D87 -> 0.45 | F87: =E87-Received!E87 -> 0.41 | G87: =F87-Received!F87 -> 0.39 | H87: =G87-Received!G87 -> 0.34 | I87: =H87-Received!H87 -> 0.3 | J87: =I87-Received!I87 -> 0.29 | ... Q87: =P87-Received!P87 -> 9.0205621e-17
B88: 0.6 | C88: =B88-Received!B88 -> 0.56 | D88: =C88-Received!C88 -> 0.52 | E88: =D88-Received!D88 -> 0.51 | F88: =E88-Received!E88 -> 0.46 | G88: =F88-Received!F88 -> 0.42 | H88: =G88-Received!G88 -> 0.4 | I88: =H88-Received!H88 -> 0.39 | J88: =I88-Received!I88 -> 0.38 | ... Q88: =P88-Received!P88 -> 0
B89: 0.6 | C89: =B89-Received!B89 -> 0.59 | D89: =C89-Received!C89 -> 0.54 | E89: =D89-Received!D89 -> 0.47 | F89: =E89-Received!E89 -> 0.44 | G89: =F89-Received!F89 -> 0.41 | H89: =G89-Received!G89 -> 0.39 | I89: =H89-Received!H89 -> 0.36 | J89: =I89-Received!I89 -> 0.29 | ... Q89: =P89-Received!P89 -> -1.2490009e-16
B90: 0.6 | C90: =B90-Received!B90 -> 0.58 | D90: =C90-Received!C90 -> 0.56 | E90: =D90-Received!D90 -> 0.55 | F90: =E90-Received!E90 -> 0.54 | G90: =F90-Received!F90 -> 0.49 | H90: =G90-Received!G90 -> 0.43 | I90: =H90-Received!H90 -> 0.39 | J90: =I90-Received!I90 -> 0.34 | ... Q90: =P90-Received!P90 -> -6.2450045e-17
B91: 0.6 | C91: =B91-Received!B91 -> 0.57 | D91: =C91-Received!C91 -> 0.55 | E91: =D91-Received!D91 -> 0.54 | F91: =E91-Received!E91 -> 0.5 | G91: =F91-Received!F91 -> 0.48 | H91: =G91-Received!G91 -> 0.45 | I91: =H91-Received!H91 -> 0.44 | J91: =I91-Received!I91 -> 0.35 | ... Q91: =P91-Received!P91 -> 0
A92: 不知道叫啥 | B92: 0.6 | C92: =B92-Received!B92 -> 0.55 | D92: =C92-Received!C92 -> 0.54 | E92: =D92-Received!D92 -> 0.53 | F92: =E92-Received!E92 -> 0.5 | G92: =F92-Received!F92 -> 0.49 | H92: =G92-Received!G92 -> 0.48 | I92: =H92-Received!H92 -> 0.43 | J92: =I92-Received!I92 -> 0.4 | ... Q92: =P92-Received!P92 -> -1.110223e-16
B93: 0.6 | C93: =B93-Received!B93 -> 0.57 | D93: =C93-Received!C93 -> 0.5 | E93: =D93-Received!D93 -> 0.48 | F93: =E93-Received!E93 -> 0.46 | G93: =F93-Received!F93 -> 0.41 | H93: =G93-Received!G93 -> 0.4 | I93: =H93-Received!H93 -> 0.37 | J93: =I93-Received!I93 -> 0.32 | ... Q93: =P93-Received!P93 -> -1.5265567e-16
B94: 0.6 | C94: =B94-Received!B94 -> 0.58 | D94: =C94-Received!C94 -> 0.54 | E94: =D94-Received!D94 -> 0.47 | F94: =E94-Received!E94 -> 0.46 | G94: =F94-Received!F94 -> 0.44 | H94: =G94-Received!G94 -> 0.42 | I94: =H94-Received!H94 -> 0.41 | J94: =I94-Received!I94 -> 0.39 | ... Q94: =P94-Received!P94 -> -1.9081958e-16
B95: 0.6 | C95: =B95-Received!B95 -> 0.58 | D95: =C95-Received!C95 -> 0.52 | E95: =D95-Received!D95 -> 0.47 | F95: =E95-Received!E95 -> 0.43 | G95: =F95-Received!F95 -> 0.42 | H95: =G95-Received!G95 -> 0.35 | I95: =H95-Received!H95 -> 0.34 | J95: =I95-Received!I95 -> 0.3 | ... Q95: =P95-Received!P95 -> 5.8980598e-17
B96: 0.6 | C96: =B96-Received!B96 -> 0.54 | D96: =C96-Received!C96 -> 0.53 | E96: =D96-Received!D96 -> 0.49 | F96: =E96-Received!E96 -> 0.45 | G96: =F96-Received!F96 -> 0.4 | H96: =G96-Received!G96 -> 0.39 | I96: =H96-Received!H96 -> 0.35 | J96: =I96-Received!I96 -> 0.29 | ... Q96: =P96-Received!P96 -> 7.2858386e-17
B97: 0.6 | C97: =B97-Received!B97 -> 0.56 | D97: =C97-Received!C97 -> 0.52 | E97: =D97-Received!D97 -> 0.51 | F97: =E97-Received!E97 -> 0.46 | G97: =F97-Received!F97 -> 0.4 | H97: =G97-Received!G97 -> 0.35 | I97: =H97-Received!H97 -> 0.31 | J97: =I97-Received!I97 -> 0.26 | ... Q97: =P97-Received!P97 -> -6.2450045e-17
B98: 0.6 | C98: =B98-Received!B98 -> 0.59 | D98: =C98-Received!C98 -> 0.58 | E98: =D98-Received!D98 -> 0.54 | F98: =E98-Received!E98 -> 0.47 | G98: =F98-Received!F98 -> 0.44 | H98: =G98-Received!G98 -> 0.4 | I98: =H98-Received!H98 -> 0.35 | J98: =I98-Received!I98 -> 0.34 | ... Q98: =P98-Received!P98 -> 0
B99: 0.6 | C99: =B99-Received!B99 -> 0.59 | D99: =C99-Received!C99 -> 0.55 | E99: =D99-Received!D99 -> 0.53 | F99: =E99-Received!E99 -> 0.48 | G99: =F99-Received!F99 -> 0.45 | H99: =G99-Received!G99 -> 0.38 | I99: =H99-Received!H99 -> 0.34 | J99: =I99-Received!I99 -> 0.28 | ... Q99: =P99-Received!P99 -> 0
B100: 0.6 | C100: =B100-Received!B100 -> 0.57 | D100: =C100-Received!C100 -> 0.53 | E100: =D100-Received!D100 -> 0.47 | F100: =E100-Received!E100 -> 0.46 | G100: =F100-Received!F100 -> 0.43 | H100: =G100-Received!G100 -> 0.38 | I100: =H100-Received!H100 -> 0.37 | J100: =I100-Received!I100 -> 0.31 | ... Q100: =P100-Received!P100 -> -7.6327833e-17
...
